date,price,slope,1pred,2pred,3pred,4pred,5pred
2009-03-04,1.2633,0.00013372898101773772,1.2637101411819458,1.266122817993164,1.2668051719665527,1.2657899856567383,1.264545202255249
2009-03-05,1.25445,-0.0003948569297792212,1.2601091861724854,1.2615180015563965,1.260597825050354,1.2596944570541382,1.2590466737747192
2009-03-06,1.26485,-0.0011033654212953832,1.2650660276412964,1.263495922088623,1.2621949911117554,1.2607699632644653,1.2609121799468994
2009-03-07,1.26485,-0.00042549371719373624,1.2632189989089966,1.2617634534835815,1.2609483003616333,1.2602596282958984,1.2618434429168701
2009-03-08,1.2715,0.0005746126174925097,1.2662930488586426,1.2644256353378296,1.2639169692993164,1.2655521631240845,1.2686028480529785
2009-03-09,1.2618,0.0014875054359435726,1.2618838548660278,1.2623440027236938,1.2637702226638794,1.2662205696105957,1.267383098602295
2009-03-10,1.27145,0.0007802009582517093,1.266771912574768,1.2675129175186157,1.2699998617172241,1.270872712135315,1.2689930200576782
2009-03-11,1.2805,-0.0009708046913148321,1.2747851610183716,1.2760692834854126,1.2757459878921509,1.2731711864471436,1.2713801860809326
2009-03-12,1.2897,-0.0025578141212464814,1.2857493162155151,1.2844125032424927,1.2811346054077148,1.2783405780792236,1.275996208190918
2009-03-13,1.2928,-0.0029172182083132625,1.28941810131073,1.2851721048355103,1.2820439338684082,1.2789007425308228,1.2779676914215088
2009-03-14,1.2928,-0.0013967514038088255,1.2869572639465332,1.282950520515442,1.280340552330017,1.278769612312317,1.2820639610290527
2009-03-15,1.28805,0.0002195715904233963,1.285285234451294,1.2820730209350586,1.2814960479736328,1.2830942869186401,1.285872459411621
2009-03-16,1.2974,0.0006257057189939856,1.2942558526992798,1.2934225797653198,1.2948790788650513,1.2967699766159058,1.2957106828689575
2009-03-17,1.3032,0.00034178495407096495,1.3003026247024536,1.3003907203674316,1.3040590286254883,1.303662896156311,1.3003754615783691
2009-03-18,1.3487,-0.006572699546814155,1.3338483572006226,1.3284027576446533,1.3213117122650146,1.3127586841583252,1.3088068962097168
2009-03-19,1.36595,-0.0074806571006776085,1.362094521522522,1.35223388671875,1.3353978395462036,1.3264447450637817,1.3375858068466187
2009-03-20,1.35795,0.003230607509612963,1.3494688272476196,1.3305155038833618,1.3252161741256714,1.3435280323028564,1.3591156005859375
2009-03-21,1.35795,0.01176316738128651,1.3361173868179321,1.323610782623291,1.3488292694091797,1.3701941967010498,1.3716415166854858
2009-03-22,1.36265,0.008958852291106949,1.3436897993087769,1.3515485525131226,1.3753221035003662,1.3792724609375,1.374622106552124
2009-03-23,1.36175,0.0007649540901181488,1.3639967441558838,1.370206594467163,1.373012900352478,1.371804118156433,1.3670227527618408
2009-03-24,1.3481,-0.002001166343689033,1.35721755027771,1.358101725578308,1.3546167612075806,1.3532780408859253,1.3496235609054565
2009-03-25,1.3574,-0.0036914587020875295,1.360885500907898,1.3568131923675537,1.3530776500701904,1.3507559299468994,1.345456838607788
2009-03-26,1.3527,-0.003270864486694574,1.3520622253417969,1.3488599061965942,1.3458075523376465,1.3416961431503296,1.3392897844314575
2009-03-27,1.3287,-0.000811672210693406,1.3285645246505737,1.326267123222351,1.3232566118240356,1.3225458860397339,1.3263667821884155
2009-03-28,1.3287,-6.556510925660906e-06,1.3272016048431396,1.3231945037841797,1.322313666343689,1.3267090320587158,1.3254115581512451
2009-03-29,1.3266,0.00023005008697501913,1.3240917921066284,1.32163405418396,1.3269864320755005,1.3268604278564453,1.3226288557052612
2009-03-30,1.31875,-0.0007431507110597381,1.3192037343978882,1.3221988677978516,1.3225599527359009,1.3184010982513428,1.3173868656158447
2009-03-31,1.3256,-0.0018055438995362963,1.3290103673934937,1.327617883682251,1.3243144750595093,1.322826623916626,1.3223782777786255
2009-04-01,1.32435,-0.0016590714454652053,1.3264511823654175,1.322716236114502,1.3215912580490112,1.3208578824996948,1.3190850019454956
2009-04-02,1.3472,-0.0024349451065066832,1.3361661434173584,1.3301701545715332,1.3292948007583618,1.3272120952606201,1.3254704475402832
2009-04-03,1.34835,-0.00013983249664326332,1.3429722785949707,1.3404924869537354,1.3388879299163818,1.3395497798919678,1.3427444696426392
2009-04-04,1.34835,0.0010495901107786263,1.3457287549972534,1.3414463996887207,1.3401373624801636,1.3460073471069336,1.348696231842041
2009-04-05,1.3535,0.0014640688896178295,1.3496272563934326,1.3490263223648071,1.3526192903518677,1.356111764907837,1.3534048795700073
2009-04-06,1.3322,0.0012611746788024616,1.3322858810424805,1.33750319480896,1.340569019317627,1.33903968334198,1.337823510169983
2009-04-07,1.3268,-0.00013554096221937348,1.329498291015625,1.3333159685134888,1.3323709964752197,1.330931544303894,1.3300127983093262
2009-04-08,1.3251,-0.0012764334678651,1.3267525434494019,1.3263142108917236,1.3260178565979004,1.3249727487564087,1.3210411071777344
2009-04-09,1.3121,-0.0010604262351991802,1.3108364343643188,1.3112459182739258,1.3103280067443848,1.3078206777572632,1.3072469234466553
2009-04-10,1.31845,-0.0010458946228027927,1.3154562711715698,1.3149135112762451,1.3125348091125488,1.3107359409332275,1.312315583229065
2009-04-11,1.31845,0.0001935482025145091,1.3178555965423584,1.316757321357727,1.3156800270080566,1.3172508478164673,1.3185765743255615
2009-04-12,1.31535,0.0013752222061153953,1.3155171871185303,1.3165467977523804,1.3194303512573242,1.3205984830856323,1.320367455482483
2009-04-13,1.3375,0.0010147929191587808,1.3272415399551392,1.3294224739074707,1.3312911987304688,1.3312541246414185,1.33139967918396
2009-04-14,1.32675,0.00041590929031354936,1.3270999193191528,1.32774817943573,1.3272910118103027,1.3278727531433105,1.3291171789169312
2009-04-15,1.32215,0.00033689737319930247,1.3239330053329468,1.3242719173431396,1.3248472213745117,1.3250435590744019,1.325231671333313
2009-04-16,1.31855,0.0005041122436523047,1.3213870525360107,1.3230068683624268,1.3240861892700195,1.3240063190460205,1.3234078884124756
2009-04-17,1.3043,0.0008595466613768531,1.3149796724319458,1.3187289237976074,1.3196511268615723,1.319448471069336,1.3189176321029663
2009-04-18,1.3043,0.00037163496017444774,1.3112574815750122,1.313607931137085,1.313828706741333,1.3135441541671753,1.3131475448608398
2009-04-19,1.3007,0.0002662062644955948,1.309261679649353,1.3108999729156494,1.311722993850708,1.3115788698196411,1.3102532625198364
2009-04-20,1.2904,0.0005437254905699536,1.3001041412353516,1.3027241230010986,1.3033944368362427,1.3031026124954224,1.30263352394104
2009-04-21,1.29355,-4.63247299195789e-05,1.3002569675445557,1.3015084266662598,1.3010598421096802,1.3011746406555176,1.3001922369003296
2009-04-22,1.30075,-0.0005542874336244729,1.303195595741272,1.3026049137115479,1.3025096654891968,1.3017851114273071,1.300834059715271
2009-04-23,1.3125,-0.0006026744842529989,1.3108524084091187,1.3099857568740845,1.3092879056930542,1.3081914186477661,1.3087362051010132
2009-04-24,1.32395,-0.0010769009590150332,1.321237325668335,1.3173389434814453,1.3149749040603638,1.3148714303970337,1.3170865774154663
2009-04-25,1.32395,0.00010510683059670949,1.321915864944458,1.3180824518203735,1.3175389766693115,1.3193473815917969,1.321808934211731
2009-04-26,1.32185,0.0009322404861448886,1.3187661170959473,1.3179597854614258,1.3194221258163452,1.3210680484771729,1.3218731880187988
2009-04-27,1.3023,0.0019973874092101005,1.3080871105194092,1.3123525381088257,1.315436601638794,1.3165900707244873,1.3159552812576294
2009-04-28,1.3131,0.0009756088256833953,1.3124852180480957,1.3152316808700562,1.317030906677246,1.317064642906189,1.3164467811584473
2009-04-29,1.32655,-0.000465583801269676,1.3243334293365479,1.3242371082305908,1.3242799043655396,1.3236479759216309,1.3223000764846802
2009-04-30,1.3244,0.0002090334892270327,1.3247452974319458,1.325615406036377,1.325702428817749,1.3251384496688843,1.3260289430618286
2009-05-01,1.32705,0.00010273456573469692,1.3284159898757935,1.3289778232574463,1.3281539678573608,1.3286983966827393,1.3290693759918213
2009-05-02,1.32705,-0.0005426287651063423,1.3311548233032227,1.3313462734222412,1.331193447113037,1.330574870109558,1.3288273811340332
2009-05-03,1.32873,-0.0013928294181824986,1.333756446838379,1.3338807821273804,1.3322232961654663,1.3292779922485352,1.3290936946868896
2009-05-04,1.3415,-0.0013199210166932908,1.338805079460144,1.3380498886108398,1.335768699645996,1.3336206674575806,1.334420084953308
2009-05-05,1.33035,0.00010554790496809123,1.3328055143356323,1.331864595413208,1.3313785791397095,1.33201003074646,1.3332605361938477
2009-05-06,1.33,0.00047020912170385475,1.3310580253601074,1.3310985565185547,1.3313732147216797,1.3322789669036865,1.332818865776062
2009-05-07,1.3386,0.0019217848777770205,1.3342572450637817,1.3339177370071411,1.3382107019424438,1.3412115573883057,1.340219259262085
2009-05-08,1.3639,-0.00037904977798483797,1.350402593612671,1.349013090133667,1.3493614196777344,1.349284291267395,1.3483717441558838
2009-05-09,1.3639,-0.000660979747772406,1.3581600189208984,1.3547546863555908,1.352282166481018,1.3529530763626099,1.3557559251785278
2009-05-10,1.36315,0.0013472437858579242,1.3598235845565796,1.3507342338562012,1.347733974456787,1.3555723428726196,1.3641407489776611
2009-05-11,1.3584,0.003980600833892623,1.3535445928573608,1.3488398790359497,1.355457067489624,1.362865924835205,1.3664345741271973
2009-05-12,1.36765,0.0025063037872312525,1.3652883768081665,1.3670912981033325,1.37320077419281,1.3750611543655396,1.3738349676132202
2009-05-13,1.354,0.0009213209152220463,1.359878420829773,1.365299940109253,1.3667209148406982,1.366443395614624,1.3639132976531982
2009-05-14,1.3631,-0.0017269492149354782,1.3704586029052734,1.3711206912994385,1.3682563304901123,1.3662461042404175,1.3642611503601074
2009-05-15,1.34945,-0.0008206009864808768,1.3551781177520752,1.3539958000183105,1.3525129556655884,1.3522931337356567,1.3519264459609985
2009-05-16,1.34945,-0.00016291141510023732,1.351753830909729,1.3502188920974731,1.3499979972839355,1.3496276140213013,1.3512349128723145
2009-05-17,1.3453,0.0007867574691770864,1.3474149703979492,1.3476349115371704,1.347734808921814,1.3493541479110718,1.3504891395568848
2009-05-18,1.355,0.0006051421165465399,1.3532582521438599,1.3529341220855713,1.3550399541854858,1.3557859659194946,1.3548580408096313
2009-05-19,1.3643,0.00010530948638904703,1.3582525253295898,1.358520746231079,1.3601574897766113,1.3592987060546875,1.3583900928497314
2009-05-20,1.3783,-0.0012716293334962935,1.3703664541244507,1.3678557872772217,1.3665670156478882,1.3653082847595215,1.3652820587158203
2009-05-21,1.39405,-0.0015626311302186858,1.3863755464553833,1.3800333738327026,1.3779524564743042,1.3783047199249268,1.3794267177581787
2009-05-22,1.39955,5.1581859588480114e-05,1.3948262929916382,1.3894171714782715,1.3898555040359497,1.3928660154342651,1.3933597803115845
2009-05-23,1.39955,0.0018121719360350058,1.3985950946807861,1.396614670753479,1.399359107017517,1.4026700258255005,1.4046282768249512
2009-05-24,1.40255,0.002167618274688551,1.4049586057662964,1.405504584312439,1.407877802848816,1.411705493927002,1.4126962423324585
2009-05-25,1.4009,0.0011596918106076453,1.405213713645935,1.4067163467407227,1.4092942476272583,1.4101614952087402,1.4092895984649658
2009-05-26,1.3992,-4.4834613800208175e-05,1.4009857177734375,1.4028586149215698,1.4030556678771973,1.4013903141021729,1.4014956951141357
2009-05-27,1.38315,-2.830028533953343e-05,1.3858267068862915,1.3865500688552856,1.3855890035629272,1.385137677192688,1.3863914012908936
2009-05-28,1.39475,-0.0006098747253419332,1.3957301378250122,1.3932617902755737,1.39264976978302,1.3936840295791626,1.3924696445465088
2009-05-29,1.41565,-0.001863372325897453,1.4111264944076538,1.4087671041488647,1.4095866680145264,1.4072821140289307,1.4025521278381348
2009-05-30,1.41565,-0.001259613037109556,1.413403868675232,1.4117820262908936,1.4092141389846802,1.4061853885650635,1.4099041223526
2009-05-31,1.41041,0.0008018374443052187,1.410189151763916,1.405422568321228,1.4014389514923096,1.4065055847167969,1.4136568307876587
2009-06-01,1.41805,0.0025217294692991164,1.4136662483215332,1.408525824546814,1.413205862045288,1.4200750589370728,1.4205002784729004
2009-06-02,1.42885,0.003311574459075753,1.4192333221435547,1.4235663414001465,1.432446837425232,1.4333266019821167,1.4309110641479492
2009-06-03,1.4142,0.0017475843429564182,1.416600227355957,1.4229209423065186,1.4245201349258423,1.4237892627716064,1.4249039888381958
2009-06-04,1.41675,0.000260996818542397,1.4215030670166016,1.4208675622940063,1.4207756519317627,1.4227408170700073,1.4218714237213135
2009-06-05,1.3965,0.00037569999694816856,1.4020252227783203,1.402467131614685,1.4050726890563965,1.406408429145813,1.4019330739974976
2009-06-06,1.3965,-6.477832794200929e-05,1.3985440731048584,1.4009076356887817,1.4022252559661865,1.3997310400009155,1.398808479309082
2009-06-07,1.39745,-0.0009313821792604431,1.4019359350204468,1.4031559228897095,1.4000121355056763,1.3999251127243042,1.3988944292068481
2009-06-08,1.39285,-0.0005565762519837917,1.3963295221328735,1.393781065940857,1.3942621946334839,1.394118070602417,1.3933781385421753
2009-06-09,1.4062,-0.0006638646125796189,1.403095006942749,1.4024661779403687,1.4018272161483765,1.4013431072235107,1.4003372192382812
2009-06-10,1.3988,0.0001201033592221479,1.3994135856628418,1.3985347747802734,1.3984566926956177,1.3987094163894653,1.399926781654358
2009-06-11,1.41245,4.223585128770229e-05,1.4105024337768555,1.4079140424728394,1.407414197921753,1.4093501567840576,1.4099955558776855
2009-06-12,1.4015,0.00047165155410744094,1.4023690223693848,1.401810884475708,1.4028903245925903,1.4047635793685913,1.4032509326934814
2009-06-13,1.4015,0.0006202816963193724,1.4005696773529053,1.4015045166015625,1.4026175737380981,1.4024430513381958,1.4032018184661865
2009-06-14,1.39763,0.0008022665977476036,1.3984125852584839,1.3998037576675415,1.4002151489257812,1.402160406112671,1.4012455940246582
2009-06-15,1.37737,0.0015660643577572787,1.3902757167816162,1.3929945230484009,1.3966460227966309,1.3973603248596191,1.395923137664795
2009-06-16,1.38143,0.0008986234664915511,1.3900316953659058,1.3937441110610962,1.3951574563980103,1.394826054573059,1.3939838409423828
2009-06-17,1.39681,-0.0008818268775942034,1.397398829460144,1.3973047733306885,1.396999478340149,1.3955320119857788,1.393876075744629
2009-06-18,1.3908,-0.0003444314002992148,1.3951679468154907,1.3954609632492065,1.3950551748275757,1.3940184116363525,1.3941670656204224
2009-06-19,1.3938,-0.00010423660278334542,1.3953585624694824,1.3947280645370483,1.393459677696228,1.3938068151474,1.3952980041503906
2009-06-20,1.3938,0.000672864913940213,1.3943361043930054,1.393208622932434,1.393812894821167,1.3953741788864136,1.3966176509857178
2009-06-21,1.39355,0.0010517001152037647,1.393070101737976,1.3937203884124756,1.3953602313995361,1.396835446357727,1.3967710733413696
2009-06-22,1.3849,0.0010092258453367072,1.390989899635315,1.3935612440109253,1.395257830619812,1.3957597017288208,1.3949368000030518
2009-06-23,1.4069,-0.0008491039276123369,1.4001375436782837,1.400261402130127,1.3996552228927612,1.3988122940063477,1.3966165781021118
2009-06-24,1.39415,-0.0007351636886598758,1.3967654705047607,1.3969396352767944,1.396910548210144,1.3951634168624878,1.3939777612686157
2009-06-25,1.40092,-0.00035465955734267153,1.3978997468948364,1.3969612121582031,1.3947205543518066,1.3937240839004517,1.3977450132369995
2009-06-26,1.4053,0.0007636070251462898,1.3997551202774048,1.3971235752105713,1.3962397575378418,1.3998911380767822,1.4021893739700317
2009-06-27,1.4053,0.0017229318618771855,1.399760365486145,1.3984516859054565,1.402130365371704,1.4048246145248413,1.4051885604858398
2009-06-28,1.40695,0.0010919570922850732,1.400895357131958,1.403583288192749,1.4055837392807007,1.4059813022613525,1.405156135559082
2009-06-29,1.40691,-0.00032727718353291646,1.4069079160690308,1.4081850051879883,1.40800940990448,1.407165765762329,1.4057811498641968
2009-06-30,1.4098,-0.0011516451835634732,1.408978819847107,1.408668875694275,1.4076942205429077,1.4066052436828613,1.4042524099349976
2009-07-01,1.41447,-0.0023118972778321625,1.4119333028793335,1.4100794792175293,1.4084793329238892,1.4054040908813477,1.4027115106582642
2009-07-02,1.39596,-0.0005683779716492982,1.40326988697052,1.402971625328064,1.4013785123825073,1.3994944095611572,1.4021666049957275
2009-07-03,1.39792,0.0005459070205686842,1.4012556076049805,1.4000476598739624,1.3976633548736572,1.4007431268692017,1.403637409210205
2009-07-04,1.39792,0.001120233535766461,1.399053931236267,1.397564172744751,1.400778889656067,1.4027678966522217,1.4020532369613647
2009-07-05,1.39573,0.0011875867843627042,1.3955644369125366,1.399474859237671,1.401891827583313,1.401214838027954,1.400632381439209
2009-07-06,1.39914,-5.595684051528745e-05,1.4007680416107178,1.4026738405227661,1.4019601345062256,1.4013737440109253,1.4011383056640625
2009-07-07,1.38957,-0.00018290281295792345,1.398909568786621,1.3996450901031494,1.399931788444519,1.3995672464370728,1.3980339765548706
2009-07-08,1.38615,-0.0003420591354370093,1.3958463668823242,1.3968080282211304,1.397132396697998,1.3959027528762817,1.3945887088775635
2009-07-09,1.4009,-0.0009575724601746966,1.3987464904785156,1.3989121913909912,1.397430658340454,1.3956295251846313,1.3955999612808228
2009-07-10,1.39351,-0.0003110766410828031,1.397019624710083,1.3963778018951416,1.3949615955352783,1.3951777219772339,1.396064281463623
2009-07-11,1.39351,0.0003540158271787756,1.3950481414794922,1.393984317779541,1.3943850994110107,1.395612120628357,1.396004319190979
2009-07-12,1.39712,0.00039249658584587137,1.394766092300415,1.394844651222229,1.3954135179519653,1.3960556983947754,1.3961230516433716
2009-07-13,1.40015,0.00034427642822258496,1.396423578262329,1.3966137170791626,1.3973735570907593,1.39765465259552,1.3976244926452637
2009-07-14,1.39787,0.0001673698425290445,1.3967667818069458,1.3970401287078857,1.3972264528274536,1.397376298904419,1.3974355459213257
2009-07-15,1.40908,-0.00017155408859264367,1.4007976055145264,1.400017261505127,1.3999783992767334,1.40001380443573,1.3999415636062622
2009-07-16,1.41309,-0.00037058591842664717,1.4045823812484741,1.4031704664230347,1.4027410745620728,1.4025826454162598,1.403023362159729
2009-07-17,1.40986,-0.00012713670730600846,1.405579686164856,1.404516339302063,1.4040579795837402,1.4045498371124268,1.4049272537231445
2009-07-18,1.40986,8.13007354735549e-05,1.4060704708099365,1.4049395322799683,1.405134916305542,1.405540108680725,1.4061766862869263
2009-07-19,1.41333,0.00010750293731680315,1.4085334539413452,1.4079711437225342,1.4084302186965942,1.4087245464324951,1.4086942672729492
2009-07-20,1.42075,-0.0008512973785402094,1.41572105884552,1.413511872291565,1.4127894639968872,1.412291169166565,1.4120749235153198
2009-07-21,1.41972,-0.00031827688217186733,1.417708158493042,1.4168028831481934,1.4160650968551636,1.4154874086380005,1.4167745113372803
2009-07-22,1.42008,0.0006336927413938417,1.41817045211792,1.416186809539795,1.4160351753234863,1.4184918403625488,1.4201864004135132
2009-07-23,1.41609,0.0016795158386230065,1.4144983291625977,1.4135842323303223,1.4173636436462402,1.4198009967803955,1.4197875261306763
2009-07-24,1.42006,0.0016516089439390848,1.4159109592437744,1.4178416728973389,1.4220499992370605,1.4223254919052124,1.4219270944595337
2009-07-25,1.42006,0.0003441333770750505,1.4195657968521118,1.4209445714950562,1.421401023864746,1.4216800928115845,1.4209187030792236
2009-07-26,1.41913,-0.00071284770965591,1.4213820695877075,1.4209823608398438,1.4203903675079346,1.4190895557403564,1.4187642335891724
2009-07-27,1.4244,-0.0009541749954224205,1.423139214515686,1.4218851327896118,1.4205915927886963,1.419246792793274,1.4196875095367432
2009-07-28,1.41451,0.0005120992660520935,1.4165937900543213,1.4158519506454468,1.4158092737197876,1.4166003465652466,1.4187800884246826
2009-07-29,1.40137,0.0012105464935300227,1.4058631658554077,1.407536268234253,1.4083789587020874,1.4098384380340576,1.4107648134231567
2009-07-30,1.40831,0.0003725290298459854,1.4097576141357422,1.4100466966629028,1.412017822265625,1.413331151008606,1.4099780321121216
2009-07-31,1.42555,-0.002452039718628001,1.4206151962280273,1.4201451539993286,1.4204776287078857,1.415542483329773,1.4106563329696655
2009-08-01,1.42555,-0.002344942092895599,1.4242531061172485,1.423740267753601,1.4193624258041382,1.4139372110366821,1.4174299240112305
2009-08-02,1.42873,-0.0001555085182191639,1.4269298315048218,1.4208400249481201,1.4147968292236328,1.4198509454727173,1.4266468286514282
2009-08-03,1.44065,0.0012544751167295075,1.4308165311813354,1.4229273796081543,1.4257450103759766,1.432066559791565,1.4325193166732788
2009-08-04,1.44147,0.002724659442901356,1.4320734739303589,1.4336535930633545,1.4408018589019775,1.4415966272354126,1.441725254058838
2009-08-05,1.4408,0.0013469576835631197,1.4395538568496704,1.4417831897735596,1.4421242475509644,1.4435492753982544,1.4454056024551392
2009-08-06,1.43683,0.0007575988769529808,1.4393457174301147,1.439361333847046,1.440604567527771,1.4431936740875244,1.4412175416946411
2009-08-07,1.41804,0.0004275321960447801,1.4223377704620361,1.424912452697754,1.427599310874939,1.4261078834533691,1.4238777160644531
2009-08-08,1.41804,-0.00028520822525043583,1.4193369150161743,1.4209688901901245,1.4201345443725586,1.4190232753753662,1.4188836812973022
2009-08-09,1.41917,-0.0004133462905885673,1.4205560684204102,1.419576644897461,1.4190003871917725,1.4189660549163818,1.4187946319580078
2009-08-10,1.41289,0.0004238605499266708,1.4156787395477295,1.41590416431427,1.4168416261672974,1.41704261302948,1.4172288179397583
2009-08-11,1.41507,0.0004083752632139002,1.415264368057251,1.4157044887542725,1.416003704071045,1.4160209894180298,1.4171479940414429
2009-08-12,1.42157,0.0003615498542784252,1.4190149307250977,1.4188886880874634,1.4190644025802612,1.4197313785552979,1.4204013347625732
2009-08-13,1.42718,0.00033425092697126393,1.4216045141220093,1.4207873344421387,1.421839714050293,1.4229410886764526,1.4221988916397095
2009-08-14,1.42011,0.0003134846687315517,1.419837236404419,1.4206650257110596,1.4213781356811523,1.4214292764663696,1.4210225343704224
2009-08-15,1.42011,0.00021022558212268998,1.4202040433883667,1.4206726551055908,1.4206862449645996,1.420737862586975,1.4212225675582886
2009-08-16,1.41677,0.0004122018814085501,1.4192167520523071,1.4188995361328125,1.4192391633987427,1.4202585220336914,1.4205982685089111
2009-08-17,1.41055,0.000776398181915209,1.4164650440216064,1.4175828695297241,1.4189445972442627,1.4195749759674072,1.4193509817123413
2009-08-18,1.41271,0.000546157360076687,1.416074275970459,1.4177817106246948,1.4184974431991577,1.418658971786499,1.4183664321899414
2009-08-19,1.42475,-0.000529015064239581,1.4207892417907715,1.4204978942871094,1.4201534986495972,1.419474720954895,1.4186557531356812
2009-08-20,1.42532,-0.0006183743476869148,1.4214272499084473,1.4208590984344482,1.4201610088348389,1.4192982912063599,1.4191157817840576
2009-08-21,1.43247,-0.0006617784500123712,1.4259166717529297,1.4244061708450317,1.4228705167770386,1.422366976737976,1.4236273765563965
2009-08-22,1.43247,0.00011183023452753081,1.4266397953033447,1.4246841669082642,1.4243372678756714,1.425407886505127,1.4268370866775513
2009-08-23,1.43381,0.00035958290100080413,1.4287729263305664,1.4267081022262573,1.427947759628296,1.4292980432510376,1.4292758703231812
2009-08-24,1.4288,0.0003779649734496421,1.4277535676956177,1.4289605617523193,1.4300103187561035,1.4300503730773926,1.4290984869003296
2009-08-25,1.42862,-0.0005273699760438171,1.4298508167266846,1.431047797203064,1.4302828311920166,1.4290645122528076,1.4282056093215942
2009-08-26,1.42332,-0.0005064725875854924,1.4266111850738525,1.427025556564331,1.4266020059585571,1.4257049560546875,1.424739122390747
2009-08-27,1.43704,2.7000904082949667e-05,1.4308284521102905,1.4302409887313843,1.4306858777999878,1.4306683540344238,1.430749773979187
2009-08-28,1.43013,0.0008737444877622031,1.4292476177215576,1.4305728673934937,1.4311752319335938,1.4316205978393555,1.433092474937439
2009-08-29,1.43013,0.0011130094528197577,1.4303094148635864,1.4312317371368408,1.4316469430923462,1.4335944652557373,1.4346930980682373
2009-08-30,1.43039,0.00038875341415377923,1.4301385879516602,1.4303929805755615,1.4323441982269287,1.4331313371658325,1.430713176727295
2009-08-31,1.43349,-9.056329727199771e-05,1.4319705963134766,1.43389093875885,1.4353808164596558,1.4329829216003418,1.431971788406372
2009-09-01,1.4206,-0.0005210399627685017,1.4289476871490479,1.4320095777511597,1.4296895265579224,1.4290379285812378,1.427828311920166
2009-09-02,1.4269,-0.001401698589325054,1.4325898885726929,1.4308990240097046,1.4298105239868164,1.4290244579315186,1.4265186786651611
2009-09-03,1.42557,-0.0012579441070557267,1.4279412031173706,1.4280966520309448,1.4277042150497437,1.4253464937210083,1.4230265617370605
2009-09-04,1.42928,-0.0012438178062440576,1.4291458129882812,1.4288430213928223,1.4262487888336182,1.4232984781265259,1.42569899559021
2009-09-05,1.42928,0.00018985271453851005,1.4288618564605713,1.4259917736053467,1.4236180782318115,1.4266057014465332,1.429504156112671
2009-09-06,1.43207,0.0012378454208373062,1.4276800155639648,1.4239217042922974,1.4263403415679932,1.4303275346755981,1.4306663274765015
2009-09-07,1.43335,0.0018638253211974596,1.4253253936767578,1.4271470308303833,1.4325101375579834,1.4325640201568604,1.4319360256195068
2009-09-08,1.45002,-0.0009621024131776331,1.4405196905136108,1.4404104948043823,1.4394035339355469,1.4378321170806885,1.4369983673095703
2009-09-09,1.45472,-0.0023418784141542547,1.4500389099121094,1.4466099739074707,1.444216012954712,1.442597508430481,1.440335750579834
2009-09-10,1.458,-0.0021851539611817874,1.4556398391723633,1.4519126415252686,1.4499095678329468,1.4478251934051514,1.4467577934265137
2009-09-11,1.45688,-0.0008147954940797581,1.4563146829605103,1.4538235664367676,1.4518860578536987,1.4513778686523438,1.4534635543823242
2009-09-12,1.45688,0.0005462884902951862,1.4561479091644287,1.4529874324798584,1.4525593519210815,1.4553098678588867,1.4577181339263916
2009-09-13,1.45764,0.0011538863182067116,1.4577642679214478,1.457008719444275,1.4593944549560547,1.4615228176116943,1.461276650428772
2009-09-14,1.46387,0.0008599519729612818,1.4613306522369385,1.4624216556549072,1.4656494855880737,1.4654436111450195,1.4641194343566895
2009-09-15,1.4669,-0.0004021167755127944,1.4670655727386475,1.4670683145523071,1.4672001600265503,1.46631920337677,1.4654295444488525
2009-09-16,1.47075,-0.000673186779022268,1.4720449447631836,1.470219612121582,1.4687488079071045,1.4691017866134644,1.4692379236221313
2009-09-17,1.47295,-0.00013387203216561958,1.4715509414672852,1.468558669090271,1.4686940908432007,1.4700957536697388,1.4701130390167236
2009-09-18,1.47084,0.0006324291229247071,1.4688504934310913,1.4676122665405273,1.4688714742660522,1.4698905944824219,1.470873475074768
2009-09-19,1.47084,0.00110448598861681,1.4699358940124512,1.4692350625991821,1.4706403017044067,1.4724805355072021,1.4738355875015259
2009-09-20,1.47027,0.0007914543151853831,1.4707815647125244,1.4707081317901611,1.4723788499832153,1.4742412567138672,1.4729722738265991
2009-09-21,1.46819,0.00028934478759752553,1.4694241285324097,1.4701979160308838,1.4713457822799683,1.4711339473724365,1.4704028367996216
2009-09-22,1.48078,-0.0010562419891360334,1.480696678161621,1.480887770652771,1.4793528318405151,1.4779051542282104,1.4769067764282227
2009-09-23,1.47258,-7.344484329241112e-05,1.474795937538147,1.474021077156067,1.473673701286316,1.4737017154693604,1.474588394165039
2009-09-24,1.46481,0.0007210016250607767,1.4668985605239868,1.4662584066390991,1.4666579961776733,1.4681323766708374,1.4695665836334229
2009-09-25,1.46859,0.0009560942649838928,1.468352198600769,1.4679694175720215,1.4698424339294434,1.4716981649398804,1.4712682962417603
2009-09-26,1.46859,0.0007641911506652055,1.468173861503601,1.4691542387008667,1.4714539051055908,1.471876621246338,1.470633625984192
2009-09-27,1.47082,0.00011231899261462356,1.4714268445968628,1.4730514287948608,1.4729766845703125,1.4724124670028687,1.4723079204559326
2009-09-28,1.46193,-0.0001464009284974272,1.4662954807281494,1.4667167663574219,1.465598464012146,1.4655288457870483,1.4661574363708496
2009-09-29,1.45917,0.00010515451431259034,1.4611188173294067,1.4608404636383057,1.460923671722412,1.4614092111587524,1.461360216140747
2009-09-30,1.46502,-7.003545761114799e-05,1.4641295671463013,1.4640828371047974,1.4646492004394531,1.4646174907684326,1.4635120630264282
2009-10-01,1.4514,0.00032614469528181807,1.4535032510757446,1.4542790651321411,1.4541940689086914,1.453995704650879,1.4552756547927856
2009-10-02,1.45743,0.0002134561538695591,1.458473801612854,1.4586207866668701,1.4581433534622192,1.4593350887298584,1.459183931350708
2009-10-03,1.45743,6.214380264261229e-05,1.4580509662628174,1.4579421281814575,1.4592307806015015,1.4597086906433105,1.457478404045105
2009-10-04,1.45964,-0.00014182329177873666,1.4595670700073242,1.4610339403152466,1.461089015007019,1.459580659866333,1.4595845937728882
2009-10-05,1.46558,-0.0003611922264100615,1.463361382484436,1.4626399278640747,1.4614746570587158,1.4615330696105957,1.462108850479126
2009-10-06,1.47193,-0.00037826299667365927,1.4683442115783691,1.465205192565918,1.4651093482971191,1.4658619165420532,1.4661245346069336
2009-10-07,1.47131,0.00018883943557726086,1.4664489030838013,1.4649075269699097,1.46549391746521,1.4660007953643799,1.4668464660644531
2009-10-08,1.47717,-1.977682113659627e-05,1.4729979038238525,1.471779704093933,1.4717234373092651,1.471972942352295,1.4728024005889893
2009-10-09,1.4729,0.0005148649215697209,1.4721678495407104,1.471430778503418,1.471866250038147,1.4734203815460205,1.4737473726272583
2009-10-10,1.4729,0.00041148662567128916,1.4711381196975708,1.471466302871704,1.4733396768569946,1.473559856414795,1.4721487760543823
2009-10-11,1.4718,5.8281421661295046e-05,1.4715662002563477,1.4723869562149048,1.4729008674621582,1.4721920490264893,1.4719550609588623
2009-10-12,1.47913,-0.00038182735443124044,1.4768532514572144,1.4763920307159424,1.4754705429077148,1.4752957820892334,1.475492238998413
2009-10-13,1.48491,-0.0008325576782227614,1.481955885887146,1.4797348976135254,1.4790314435958862,1.4786641597747803,1.4783284664154053
2009-10-14,1.49319,-0.0009659886360170034,1.4861931800842285,1.4844861030578613,1.4831117391586304,1.4817694425582886,1.4827215671539307
2009-10-15,1.49529,0.00010778903961177295,1.4908225536346436,1.4881173372268677,1.4871567487716675,1.4882887601852417,1.4912757873535156
2009-10-16,1.49032,0.0019367218017575915,1.4887404441833496,1.4859768152236938,1.4881325960159302,1.4933496713638306,1.4947376251220703
2009-10-17,1.49032,0.0019809365272521196,1.4874212741851807,1.4877948760986328,1.4932067394256592,1.4952956438064575,1.4935755729675293
2009-10-18,1.48941,0.0007326126098631245,1.488832950592041,1.4914710521697998,1.493497371673584,1.4927449226379395,1.4918590784072876
2009-10-19,1.49663,-0.0010681152343751544,1.4970035552978516,1.4971833229064941,1.4958544969558716,1.494337797164917,1.4930857419967651
2009-10-20,1.49295,-0.000750052928924703,1.4957606792449951,1.494866967201233,1.4940166473388672,1.4931390285491943,1.4928743839263916
2009-10-21,1.50121,-0.00028998851776141087,1.498938798904419,1.4970171451568604,1.4958654642105103,1.4964523315429688,1.4977712631225586
2009-10-22,1.50371,0.0007212877273558314,1.5007069110870361,1.4972312450408936,1.497739315032959,1.5004892349243164,1.5026843547821045
2009-10-23,1.50057,0.0017907619476317277,1.4986188411712646,1.4970399141311646,1.499495267868042,1.5023189783096313,1.5049331188201904
2009-10-24,1.50057,0.0018370866775511,1.4990992546081543,1.4992443323135376,1.5016645193099976,1.5050243139266968,1.505394697189331
2009-10-25,1.49878,0.0011452913284301163,1.4997628927230835,1.5007275342941284,1.5036542415618896,1.5043810606002808,1.5036625862121582
2009-10-26,1.48559,0.0006461143493651073,1.4903066158294678,1.4934858083724976,1.4943315982818604,1.4939337968826294,1.493313193321228
2009-10-27,1.48179,-0.00019747018814091007,1.485703945159912,1.4866946935653687,1.4860613346099854,1.4856326580047607,1.4852476119995117
2009-10-28,1.47149,0.0003340601921079219,1.4710460901260376,1.4715838432312012,1.4716073274612427,1.471814513206482,1.472601056098938
2009-10-29,1.48373,-0.0006455302238466175,1.4840375185012817,1.4837605953216553,1.4833884239196777,1.4827524423599243,1.481313943862915
2009-10-30,1.47177,0.000365948677062793,1.4726321697235107,1.4733200073242188,1.473611831665039,1.4735817909240723,1.474331021308899
2009-10-31,1.47177,0.0004742860794065822,1.472758173942566,1.4734879732131958,1.4734649658203125,1.4738625288009644,1.4749423265457153
2009-11-01,1.47035,0.0003917932510373537,1.4713770151138306,1.4717698097229004,1.4727897644042969,1.4737269878387451,1.4723573923110962
2009-11-02,1.47705,-0.00018531084060688605,1.476393699645996,1.4764060974121094,1.4774385690689087,1.4763811826705933,1.4754796028137207
2009-11-03,1.47284,-0.0004025459289551895,1.4741382598876953,1.4747282266616821,1.4738479852676392,1.4729210138320923,1.4730291366577148
2009-11-04,1.48659,-0.000993382930755732,1.4855679273605347,1.4821115732192993,1.481285572052002,1.4812791347503662,1.4810172319412231
2009-11-05,1.48748,-0.0003824949264527093,1.4848228693008423,1.4823758602142334,1.482500433921814,1.4828176498413086,1.4826894998550415
2009-11-06,1.48454,0.00040106773376455374,1.4832435846328735,1.482560396194458,1.482714056968689,1.4827778339385986,1.4851402044296265
2009-11-07,1.48454,0.0010992407798766563,1.4842960834503174,1.4839701652526855,1.4839725494384766,1.4865254163742065,1.4885146617889404
2009-11-08,1.48649,0.0012025117874144987,1.4853363037109375,1.485156774520874,1.4878644943237305,1.4903273582458496,1.4887635707855225
2009-11-09,1.50037,2.5427341461032225e-05,1.4962599277496338,1.4969960451126099,1.4984431266784668,1.4969780445098877,1.4963960647583008
2009-11-10,1.499,-0.00040252208709729047,1.4985660314559937,1.498761773109436,1.4977912902832031,1.4969061613082886,1.4974812269210815
2009-11-11,1.49817,-0.0003572225570681066,1.4988588094711304,1.4976173639297485,1.4968082904815674,1.4967681169509888,1.497497320175171
2009-11-12,1.48542,0.00020576715469332977,1.4897490739822388,1.4898879528045654,1.4901180267333984,1.4903351068496704,1.4905543327331543
